val_BLEU_4,epoch,train_loss,val_BLEU_1,val_BLEU_2,val_BLEU_3,val_METEOR,val_ROUGE_L,test_BLEU_1,test_BLEU_2,test_BLEU_3,test_BLEU_4,test_METEOR,test_ROUGE_L,time,seed,best_model_from
0.0745238420374048,1,1.603880898310588,0.2990150906529694,0.1621661411702079,0.107146921743436,0.0981238402321643,0.2807477780650393,0.3268292135381556,0.1822788239844857,0.1219037322593067,0.0855258163276594,0.1101480996978556,0.2960680048652936,Sat Nov 29 15:42:28 2025,9233,val
0.0745238420374048,1,1.603880898310588,0.2990150906529694,0.1621661411702079,0.107146921743436,0.0981238402321643,0.2807477780650393,0.3268292135381556,0.1822788239844857,0.1219037322593067,0.0855258163276594,0.1101480996978556,0.2960680048652936,Sat Nov 29 15:42:28 2025,9233,test
0.0911792311933969,1,1.7510447304982406,0.3364543227161063,0.1939039461678222,0.1310065776634453,0.121335370445838,0.2919652259164867,0.3345497197966751,0.2009043202375987,0.1371546092731294,0.0957759547488272,0.1384608188590126,0.3062416544178958,Sat Nov 29 21:05:28 2025,9233,val
0.0911792311933969,1,1.7510447304982406,0.3364543227161063,0.1939039461678222,0.1310065776634453,0.121335370445838,0.2919652259164867,0.3345497197966751,0.2009043202375987,0.1371546092731294,0.0957759547488272,0.1384608188590126,0.3062416544178958,Sat Nov 29 21:05:28 2025,9233,test
0.1466553841244026,6,0.7194820296305876,0.4502985137484678,0.28453354613241877,0.19928242806020036,,0.3491681860453378,0.45071130548431854,0.28615721705793473,0.20169219258501866,0.14945301867508884,,0.35968919329805404,Sun Nov 30 19:46:58 2025,9233,val
0.14480275986774685,13,0.5914963772663704,0.4463898085779522,0.2852512079456764,0.19859655373660423,,0.35467458655770734,0.49229309066202853,0.3174929903520922,0.22549507934765747,0.16765188461574718,,0.38003738784960683,Sun Nov 30 19:46:58 2025,9233,test
